﻿{"data":[{"Properties":{"domain":"PSUMAC.LOCAL","name":"DEFAULT DOMAIN POLICY@PSUMAC.LOCAL","distinguishedname":"CN={31B2F340-016D-11D2-945F-00C04FB984F9},CN=POLICIES,CN=SYSTEM,DC=PSUMAC,DC=LOCAL","domainsid":"S-1-5-21-4139803855-2054784437-3951749587","highvalue":false,"description":null,"whencreated":1686235537,"gpcpath":"\\\\PSUMAC.LOCAL\\SYSVOL\\PSUMAC.LOCAL\\POLICIES\\{31B2F340-016D-11D2-945F-00C04FB984F9}"},"Aces":[{"PrincipalSID":"S-1-5-21-4139803855-2054784437-3951749587-512","PrincipalType":"Group","RightName":"Owns","IsInherited":false},{"PrincipalSID":"S-1-5-21-4139803855-2054784437-3951749587-512","PrincipalType":"Group","RightName":"WriteDacl","IsInherited":false},{"PrincipalSID":"S-1-5-21-4139803855-2054784437-3951749587-512","PrincipalType":"Group","RightName":"WriteOwner","IsInherited":false},{"PrincipalSID":"S-1-5-21-4139803855-2054784437-3951749587-512","PrincipalType":"Group","RightName":"GenericWrite","IsInherited":false},{"PrincipalSID":"S-1-5-21-4139803855-2054784437-3951749587-512","PrincipalType":"Group","RightName":"WriteDacl","IsInherited":false},{"PrincipalSID":"S-1-5-21-4139803855-2054784437-3951749587-512","PrincipalType":"Group","RightName":"WriteOwner","IsInherited":false},{"PrincipalSID":"S-1-5-21-4139803855-2054784437-3951749587-512","PrincipalType":"Group","RightName":"GenericWrite","IsInherited":false},{"PrincipalSID":"S-1-5-21-4139803855-2054784437-3951749587-519","PrincipalType":"Group","RightName":"WriteDacl","IsInherited":false},{"PrincipalSID":"S-1-5-21-4139803855-2054784437-3951749587-519","PrincipalType":"Group","RightName":"WriteOwner","IsInherited":false},{"PrincipalSID":"S-1-5-21-4139803855-2054784437-3951749587-519","PrincipalType":"Group","RightName":"GenericWrite","IsInherited":false}],"ObjectIdentifier":"1B540E2A-F8A2-4140-975C-11D5DD66E550","IsDeleted":false,"IsACLProtected":true},{"Properties":{"domain":"PSUMAC.LOCAL","name":"DEFAULT DOMAIN CONTROLLERS POLICY@PSUMAC.LOCAL","distinguishedname":"CN={6AC1786C-016F-11D2-945F-00C04FB984F9},CN=POLICIES,CN=SYSTEM,DC=PSUMAC,DC=LOCAL","domainsid":"S-1-5-21-4139803855-2054784437-3951749587","highvalue":false,"description":null,"whencreated":1686235537,"gpcpath":"\\\\PSUMAC.LOCAL\\SYSVOL\\PSUMAC.LOCAL\\POLICIES\\{6AC1786C-016F-11D2-945F-00C04FB984F9}"},"Aces":[{"PrincipalSID":"S-1-5-21-4139803855-2054784437-3951749587-512","PrincipalType":"Group","RightName":"Owns","IsInherited":false},{"PrincipalSID":"S-1-5-21-4139803855-2054784437-3951749587-512","PrincipalType":"Group","RightName":"WriteDacl","IsInherited":false},{"PrincipalSID":"S-1-5-21-4139803855-2054784437-3951749587-512","PrincipalType":"Group","RightName":"WriteOwner","IsInherited":false},{"PrincipalSID":"S-1-5-21-4139803855-2054784437-3951749587-512","PrincipalType":"Group","RightName":"GenericWrite","IsInherited":false},{"PrincipalSID":"S-1-5-21-4139803855-2054784437-3951749587-512","PrincipalType":"Group","RightName":"WriteDacl","IsInherited":false},{"PrincipalSID":"S-1-5-21-4139803855-2054784437-3951749587-512","PrincipalType":"Group","RightName":"WriteOwner","IsInherited":false},{"PrincipalSID":"S-1-5-21-4139803855-2054784437-3951749587-512","PrincipalType":"Group","RightName":"GenericWrite","IsInherited":false},{"PrincipalSID":"S-1-5-21-4139803855-2054784437-3951749587-519","PrincipalType":"Group","RightName":"WriteDacl","IsInherited":false},{"PrincipalSID":"S-1-5-21-4139803855-2054784437-3951749587-519","PrincipalType":"Group","RightName":"WriteOwner","IsInherited":false},{"PrincipalSID":"S-1-5-21-4139803855-2054784437-3951749587-519","PrincipalType":"Group","RightName":"GenericWrite","IsInherited":false}],"ObjectIdentifier":"307BAE12-7094-4FE2-A1E3-FAFC049B0EBA","IsDeleted":false,"IsACLProtected":true},{"Properties":{"domain":"PSUMAC.LOCAL","name":"LAB-AUTOUPDATE@PSUMAC.LOCAL","distinguishedname":"CN={BFDF12CC-CC89-49FC-BD9F-3819149F5719},CN=POLICIES,CN=SYSTEM,DC=PSUMAC,DC=LOCAL","domainsid":"S-1-5-21-4139803855-2054784437-3951749587","highvalue":false,"description":null,"whencreated":1686236930,"gpcpath":"\\\\PSUMAC.LOCAL\\SYSVOL\\PSUMAC.LOCAL\\POLICIES\\{BFDF12CC-CC89-49FC-BD9F-3819149F5719}"},"Aces":[{"PrincipalSID":"S-1-5-21-4139803855-2054784437-3951749587-512","PrincipalType":"Group","RightName":"Owns","IsInherited":false},{"PrincipalSID":"S-1-5-21-4139803855-2054784437-3951749587-512","PrincipalType":"Group","RightName":"WriteDacl","IsInherited":false},{"PrincipalSID":"S-1-5-21-4139803855-2054784437-3951749587-512","PrincipalType":"Group","RightName":"WriteOwner","IsInherited":false},{"PrincipalSID":"S-1-5-21-4139803855-2054784437-3951749587-512","PrincipalType":"Group","RightName":"GenericWrite","IsInherited":false},{"PrincipalSID":"S-1-5-21-4139803855-2054784437-3951749587-519","PrincipalType":"Group","RightName":"WriteDacl","IsInherited":false},{"PrincipalSID":"S-1-5-21-4139803855-2054784437-3951749587-519","PrincipalType":"Group","RightName":"WriteOwner","IsInherited":false},{"PrincipalSID":"S-1-5-21-4139803855-2054784437-3951749587-519","PrincipalType":"Group","RightName":"GenericWrite","IsInherited":false}],"ObjectIdentifier":"1A34BD23-B5AC-4B2B-9C12-78212FFE2159","IsDeleted":false,"IsACLProtected":true},{"Properties":{"domain":"PSUMAC.LOCAL","name":"HELPDESK-LOCAL-ADMIN@PSUMAC.LOCAL","distinguishedname":"CN={5C4201C8-D757-4CED-8F97-4C0767B99738},CN=POLICIES,CN=SYSTEM,DC=PSUMAC,DC=LOCAL","domainsid":"S-1-5-21-4139803855-2054784437-3951749587","highvalue":false,"description":null,"whencreated":1686239787,"gpcpath":"\\\\PSUMAC.LOCAL\\SYSVOL\\PSUMAC.LOCAL\\POLICIES\\{5C4201C8-D757-4CED-8F97-4C0767B99738}"},"Aces":[{"PrincipalSID":"S-1-5-21-4139803855-2054784437-3951749587-512","PrincipalType":"Group","RightName":"Owns","IsInherited":false},{"PrincipalSID":"S-1-5-21-4139803855-2054784437-3951749587-512","PrincipalType":"Group","RightName":"WriteDacl","IsInherited":false},{"PrincipalSID":"S-1-5-21-4139803855-2054784437-3951749587-512","PrincipalType":"Group","RightName":"WriteOwner","IsInherited":false},{"PrincipalSID":"S-1-5-21-4139803855-2054784437-3951749587-512","PrincipalType":"Group","RightName":"GenericWrite","IsInherited":false},{"PrincipalSID":"S-1-5-21-4139803855-2054784437-3951749587-519","PrincipalType":"Group","RightName":"WriteDacl","IsInherited":false},{"PrincipalSID":"S-1-5-21-4139803855-2054784437-3951749587-519","PrincipalType":"Group","RightName":"WriteOwner","IsInherited":false},{"PrincipalSID":"S-1-5-21-4139803855-2054784437-3951749587-519","PrincipalType":"Group","RightName":"GenericWrite","IsInherited":false}],"ObjectIdentifier":"C0D63FE6-EC3E-42B9-8A7C-3E2A244C13FC","IsDeleted":false,"IsACLProtected":true}],"meta":{"methods":29695,"type":"gpos","count":4,"version":5}}