﻿{"data":[{"Properties":{"domain":"PSUMAC.LOCAL","name":"SOM@PSUMAC.LOCAL","distinguishedname":"CN=SOM,CN=WMIPOLICY,CN=SYSTEM,DC=PSUMAC,DC=LOCAL","domainsid":"S-1-5-21-4139803855-2054784437-3951749587","highvalue":false},"ChildObjects":[],"Aces":[{"PrincipalSID":"S-1-5-21-4139803855-2054784437-3951749587-512","PrincipalType":"Group","RightName":"Owns","IsInherited":false},{"PrincipalSID":"S-1-5-21-4139803855-2054784437-3951749587-512","PrincipalType":"Group","RightName":"GenericAll","IsInherited":false},{"PrincipalSID":"S-1-5-21-4139803855-2054784437-3951749587-519","PrincipalType":"Group","RightName":"GenericAll","IsInherited":false}],"ObjectIdentifier":"566C954C-41FE-45B5-9CC3-CB116063F768","IsDeleted":false,"IsACLProtected":true},{"Properties":{"domain":"PSUMAC.LOCAL","name":"POLICYTYPE@PSUMAC.LOCAL","distinguishedname":"CN=POLICYTYPE,CN=WMIPOLICY,CN=SYSTEM,DC=PSUMAC,DC=LOCAL","domainsid":"S-1-5-21-4139803855-2054784437-3951749587","highvalue":false},"ChildObjects":[],"Aces":[{"PrincipalSID":"S-1-5-21-4139803855-2054784437-3951749587-512","PrincipalType":"Group","RightName":"Owns","IsInherited":false},{"PrincipalSID":"S-1-5-21-4139803855-2054784437-3951749587-512","PrincipalType":"Group","RightName":"WriteDacl","IsInherited":false},{"PrincipalSID":"S-1-5-21-4139803855-2054784437-3951749587-512","PrincipalType":"Group","RightName":"WriteOwner","IsInherited":false},{"PrincipalSID":"S-1-5-21-4139803855-2054784437-3951749587-519","PrincipalType":"Group","RightName":"GenericAll","IsInherited":true},{"PrincipalSID":"S-1-5-21-4139803855-2054784437-3951749587-512","PrincipalType":"Group","RightName":"GenericAll","IsInherited":true}],"ObjectIdentifier":"52114073-ACF1-4B43-9EA5-F07A6E630AAE","IsDeleted":false,"IsACLProtected":false},{"Properties":{"domain":"PSUMAC.LOCAL","name":"WMIGPO@PSUMAC.LOCAL","distinguishedname":"CN=WMIGPO,CN=WMIPOLICY,CN=SYSTEM,DC=PSUMAC,DC=LOCAL","domainsid":"S-1-5-21-4139803855-2054784437-3951749587","highvalue":false},"ChildObjects":[],"Aces":[{"PrincipalSID":"S-1-5-21-4139803855-2054784437-3951749587-512","PrincipalType":"Group","RightName":"Owns","IsInherited":false},{"PrincipalSID":"S-1-5-21-4139803855-2054784437-3951749587-512","PrincipalType":"Group","RightName":"WriteDacl","IsInherited":false},{"PrincipalSID":"S-1-5-21-4139803855-2054784437-3951749587-512","PrincipalType":"Group","RightName":"WriteOwner","IsInherited":false},{"PrincipalSID":"S-1-5-21-4139803855-2054784437-3951749587-519","PrincipalType":"Group","RightName":"GenericAll","IsInherited":true},{"PrincipalSID":"S-1-5-21-4139803855-2054784437-3951749587-512","PrincipalType":"Group","RightName":"GenericAll","IsInherited":true}],"ObjectIdentifier":"8AD9DBA2-D38B-4FC4-A01B-CAF09B08D3E6","IsDeleted":false,"IsACLProtected":false},{"Properties":{"domain":"PSUMAC.LOCAL","name":"WMIPOLICY@PSUMAC.LOCAL","distinguishedname":"CN=WMIPOLICY,CN=SYSTEM,DC=PSUMAC,DC=LOCAL","domainsid":"S-1-5-21-4139803855-2054784437-3951749587","highvalue":false},"ChildObjects":[],"Aces":[{"PrincipalSID":"S-1-5-21-4139803855-2054784437-3951749587-512","PrincipalType":"Group","RightName":"Owns","IsInherited":false},{"PrincipalSID":"S-1-5-21-4139803855-2054784437-3951749587-512","PrincipalType":"Group","RightName":"GenericAll","IsInherited":false},{"PrincipalSID":"S-1-5-21-4139803855-2054784437-3951749587-519","PrincipalType":"Group","RightName":"GenericAll","IsInherited":false}],"ObjectIdentifier":"B40B9C3D-DC93-4E7F-A6DB-AF3356AB9FF6","IsDeleted":false,"IsACLProtected":true},{"Properties":{"domain":"PSUMAC.LOCAL","name":"POLICYTEMPLATE@PSUMAC.LOCAL","distinguishedname":"CN=POLICYTEMPLATE,CN=WMIPOLICY,CN=SYSTEM,DC=PSUMAC,DC=LOCAL","domainsid":"S-1-5-21-4139803855-2054784437-3951749587","highvalue":false},"ChildObjects":[],"Aces":[{"PrincipalSID":"S-1-5-21-4139803855-2054784437-3951749587-512","PrincipalType":"Group","RightName":"Owns","IsInherited":false},{"PrincipalSID":"S-1-5-21-4139803855-2054784437-3951749587-512","PrincipalType":"Group","RightName":"WriteDacl","IsInherited":false},{"PrincipalSID":"S-1-5-21-4139803855-2054784437-3951749587-512","PrincipalType":"Group","RightName":"WriteOwner","IsInherited":false},{"PrincipalSID":"S-1-5-21-4139803855-2054784437-3951749587-519","PrincipalType":"Group","RightName":"GenericAll","IsInherited":true},{"PrincipalSID":"S-1-5-21-4139803855-2054784437-3951749587-512","PrincipalType":"Group","RightName":"GenericAll","IsInherited":true}],"ObjectIdentifier":"A0F7E51C-29D4-41F6-A713-BB8A00C08693","IsDeleted":false,"IsACLProtected":false},{"Properties":{"domain":"PSUMAC.LOCAL","name":"KEYS@PSUMAC.LOCAL","distinguishedname":"CN=KEYS,DC=PSUMAC,DC=LOCAL","domainsid":"S-1-5-21-4139803855-2054784437-3951749587","highvalue":false},"ChildObjects":[],"Aces":[{"PrincipalSID":"S-1-5-21-4139803855-2054784437-3951749587-512","PrincipalType":"Group","RightName":"Owns","IsInherited":false},{"PrincipalSID":"PSUMAC.LOCAL-S-1-5-9","PrincipalType":"Group","RightName":"GenericAll","IsInherited":false},{"PrincipalSID":"S-1-5-21-4139803855-2054784437-3951749587-512","PrincipalType":"Group","RightName":"GenericAll","IsInherited":false},{"PrincipalSID":"S-1-5-21-4139803855-2054784437-3951749587-516","PrincipalType":"Group","RightName":"GenericAll","IsInherited":false},{"PrincipalSID":"S-1-5-21-4139803855-2054784437-3951749587-519","PrincipalType":"Group","RightName":"GenericAll","IsInherited":false},{"PrincipalSID":"S-1-5-21-4139803855-2054784437-3951749587-526","PrincipalType":"Group","RightName":"GenericAll","IsInherited":false},{"PrincipalSID":"S-1-5-21-4139803855-2054784437-3951749587-527","PrincipalType":"Group","RightName":"GenericAll","IsInherited":false}],"ObjectIdentifier":"BD2EA9CC-AD02-4672-9AC4-24B0B258419B","IsDeleted":false,"IsACLProtected":true},{"Properties":{"domain":"PSUMAC.LOCAL","name":"ADMINSDHOLDER@PSUMAC.LOCAL","distinguishedname":"CN=ADMINSDHOLDER,CN=SYSTEM,DC=PSUMAC,DC=LOCAL","domainsid":"S-1-5-21-4139803855-2054784437-3951749587","highvalue":false},"ChildObjects":[],"Aces":[{"PrincipalSID":"S-1-5-21-4139803855-2054784437-3951749587-512","PrincipalType":"Group","RightName":"Owns","IsInherited":false},{"PrincipalSID":"PSUMAC.LOCAL-S-1-5-32-544","PrincipalType":"Group","RightName":"WriteDacl","IsInherited":false},{"PrincipalSID":"PSUMAC.LOCAL-S-1-5-32-544","PrincipalType":"Group","RightName":"WriteOwner","IsInherited":false},{"PrincipalSID":"S-1-5-21-4139803855-2054784437-3951749587-512","PrincipalType":"Group","RightName":"WriteDacl","IsInherited":false},{"PrincipalSID":"S-1-5-21-4139803855-2054784437-3951749587-512","PrincipalType":"Group","RightName":"WriteOwner","IsInherited":false},{"PrincipalSID":"S-1-5-21-4139803855-2054784437-3951749587-519","PrincipalType":"Group","RightName":"WriteDacl","IsInherited":false},{"PrincipalSID":"S-1-5-21-4139803855-2054784437-3951749587-519","PrincipalType":"Group","RightName":"WriteOwner","IsInherited":false}],"ObjectIdentifier":"FE30F470-5B3C-43CA-9BED-776A932AEC7C","IsDeleted":false,"IsACLProtected":true},{"Properties":{"domain":"PSUMAC.LOCAL","name":"COMPARTITIONSETS@PSUMAC.LOCAL","distinguishedname":"CN=COMPARTITIONSETS,CN=SYSTEM,DC=PSUMAC,DC=LOCAL","domainsid":"S-1-5-21-4139803855-2054784437-3951749587","highvalue":false},"ChildObjects":[],"Aces":[{"PrincipalSID":"S-1-5-21-4139803855-2054784437-3951749587-512","PrincipalType":"Group","RightName":"Owns","IsInherited":false},{"PrincipalSID":"S-1-5-21-4139803855-2054784437-3951749587-512","PrincipalType":"Group","RightName":"WriteDacl","IsInherited":false},{"PrincipalSID":"S-1-5-21-4139803855-2054784437-3951749587-512","PrincipalType":"Group","RightName":"WriteOwner","IsInherited":false},{"PrincipalSID":"S-1-5-21-4139803855-2054784437-3951749587-519","PrincipalType":"Group","RightName":"GenericAll","IsInherited":true},{"PrincipalSID":"S-1-5-21-4139803855-2054784437-3951749587-3361","PrincipalType":"User","RightName":"GenericAll","IsInherited":true},{"PrincipalSID":"S-1-5-21-4139803855-2054784437-3951749587-4161","PrincipalType":"Computer","RightName":"GenericAll","IsInherited":true},{"PrincipalSID":"S-1-5-21-4139803855-2054784437-3951749587-3701","PrincipalType":"Group","RightName":"GenericAll","IsInherited":true},{"PrincipalSID":"S-1-5-21-4139803855-2054784437-3951749587-3731","PrincipalType":"Group","RightName":"GenericAll","IsInherited":true},{"PrincipalSID":"S-1-5-21-4139803855-2054784437-3951749587-3746","PrincipalType":"Group","RightName":"GenericAll","IsInherited":true},{"PrincipalSID":"S-1-5-21-4139803855-2054784437-3951749587-4037","PrincipalType":"Group","RightName":"GenericAll","IsInherited":true},{"PrincipalSID":"PSUMAC.LOCAL-S-1-5-32-544","PrincipalType":"Group","RightName":"WriteDacl","IsInherited":true},{"PrincipalSID":"PSUMAC.LOCAL-S-1-5-32-544","PrincipalType":"Group","RightName":"WriteOwner","IsInherited":true}],"ObjectIdentifier":"4B190FE6-FDB2-4E4C-A394-854E80097D37","IsDeleted":false,"IsACLProtected":false},{"Properties":{"domain":"PSUMAC.LOCAL","name":"RAS AND IAS SERVERS ACCESS CHECK@PSUMAC.LOCAL","distinguishedname":"CN=RAS AND IAS SERVERS ACCESS CHECK,CN=SYSTEM,DC=PSUMAC,DC=LOCAL","domainsid":"S-1-5-21-4139803855-2054784437-3951749587","highvalue":false},"ChildObjects":[],"Aces":[{"PrincipalSID":"S-1-5-21-4139803855-2054784437-3951749587-512","PrincipalType":"Group","RightName":"Owns","IsInherited":false},{"PrincipalSID":"S-1-5-21-4139803855-2054784437-3951749587-553","PrincipalType":"Group","RightName":"WriteDacl","IsInherited":false},{"PrincipalSID":"S-1-5-21-4139803855-2054784437-3951749587-553","PrincipalType":"Group","RightName":"WriteOwner","IsInherited":false},{"PrincipalSID":"S-1-5-21-4139803855-2054784437-3951749587-519","PrincipalType":"Group","RightName":"GenericAll","IsInherited":true},{"PrincipalSID":"S-1-5-21-4139803855-2054784437-3951749587-3361","PrincipalType":"User","RightName":"GenericAll","IsInherited":true},{"PrincipalSID":"S-1-5-21-4139803855-2054784437-3951749587-4161","PrincipalType":"Computer","RightName":"GenericAll","IsInherited":true},{"PrincipalSID":"S-1-5-21-4139803855-2054784437-3951749587-3701","PrincipalType":"Group","RightName":"GenericAll","IsInherited":true},{"PrincipalSID":"S-1-5-21-4139803855-2054784437-3951749587-3731","PrincipalType":"Group","RightName":"GenericAll","IsInherited":true},{"PrincipalSID":"S-1-5-21-4139803855-2054784437-3951749587-3746","PrincipalType":"Group","RightName":"GenericAll","IsInherited":true},{"PrincipalSID":"S-1-5-21-4139803855-2054784437-3951749587-4037","PrincipalType":"Group","RightName":"GenericAll","IsInherited":true},{"PrincipalSID":"PSUMAC.LOCAL-S-1-5-32-544","PrincipalType":"Group","RightName":"WriteDacl","IsInherited":true},{"PrincipalSID":"PSUMAC.LOCAL-S-1-5-32-544","PrincipalType":"Group","RightName":"WriteOwner","IsInherited":true}],"ObjectIdentifier":"F2B08D7F-1AE7-4844-BF46-50B1D5CAE8E5","IsDeleted":false,"IsACLProtected":false},{"Properties":{"domain":"PSUMAC.LOCAL","name":"COMPUTERS@PSUMAC.LOCAL","distinguishedname":"CN=COMPUTERS,DC=PSUMAC,DC=LOCAL","domainsid":"S-1-5-21-4139803855-2054784437-3951749587","highvalue":false},"ChildObjects":[],"Aces":[{"PrincipalSID":"S-1-5-21-4139803855-2054784437-3951749587-512","PrincipalType":"Group","RightName":"Owns","IsInherited":false},{"PrincipalSID":"S-1-5-21-4139803855-2054784437-3951749587-512","PrincipalType":"Group","RightName":"WriteDacl","IsInherited":false},{"PrincipalSID":"S-1-5-21-4139803855-2054784437-3951749587-512","PrincipalType":"Group","RightName":"WriteOwner","IsInherited":false},{"PrincipalSID":"S-1-5-21-4139803855-2054784437-3951749587-519","PrincipalType":"Group","RightName":"GenericAll","IsInherited":true},{"PrincipalSID":"S-1-5-21-4139803855-2054784437-3951749587-3361","PrincipalType":"User","RightName":"GenericAll","IsInherited":true},{"PrincipalSID":"S-1-5-21-4139803855-2054784437-3951749587-4161","PrincipalType":"Computer","RightName":"GenericAll","IsInherited":true},{"PrincipalSID":"S-1-5-21-4139803855-2054784437-3951749587-3701","PrincipalType":"Group","RightName":"GenericAll","IsInherited":true},{"PrincipalSID":"S-1-5-21-4139803855-2054784437-3951749587-3731","PrincipalType":"Group","RightName":"GenericAll","IsInherited":true},{"PrincipalSID":"S-1-5-21-4139803855-2054784437-3951749587-3746","PrincipalType":"Group","RightName":"GenericAll","IsInherited":true},{"PrincipalSID":"S-1-5-21-4139803855-2054784437-3951749587-4037","PrincipalType":"Group","RightName":"GenericAll","IsInherited":true},{"PrincipalSID":"PSUMAC.LOCAL-S-1-5-32-544","PrincipalType":"Group","RightName":"WriteDacl","IsInherited":true},{"PrincipalSID":"PSUMAC.LOCAL-S-1-5-32-544","PrincipalType":"Group","RightName":"WriteOwner","IsInherited":true}],"ObjectIdentifier":"AF07C27C-1374-41FF-9C84-0CBDC75A57AC","IsDeleted":false,"IsACLProtected":false},{"Properties":{"domain":"PSUMAC.LOCAL","name":"MICROSOFTDNS@PSUMAC.LOCAL","distinguishedname":"CN=MICROSOFTDNS,CN=SYSTEM,DC=PSUMAC,DC=LOCAL","domainsid":"S-1-5-21-4139803855-2054784437-3951749587","highvalue":false},"ChildObjects":[],"Aces":[{"PrincipalSID":"PSUMAC.LOCAL-S-1-5-9","PrincipalType":"Group","RightName":"WriteDacl","IsInherited":false},{"PrincipalSID":"PSUMAC.LOCAL-S-1-5-9","PrincipalType":"Group","RightName":"WriteOwner","IsInherited":false},{"PrincipalSID":"S-1-5-21-4139803855-2054784437-3951749587-512","PrincipalType":"Group","RightName":"GenericAll","IsInherited":false},{"PrincipalSID":"S-1-5-21-4139803855-2054784437-3951749587-1101","PrincipalType":"Group","RightName":"WriteDacl","IsInherited":false},{"PrincipalSID":"S-1-5-21-4139803855-2054784437-3951749587-1101","PrincipalType":"Group","RightName":"WriteOwner","IsInherited":false},{"PrincipalSID":"S-1-5-21-4139803855-2054784437-3951749587-519","PrincipalType":"Group","RightName":"GenericAll","IsInherited":true},{"PrincipalSID":"S-1-5-21-4139803855-2054784437-3951749587-3361","PrincipalType":"User","RightName":"GenericAll","IsInherited":true},{"PrincipalSID":"S-1-5-21-4139803855-2054784437-3951749587-4161","PrincipalType":"Computer","RightName":"GenericAll","IsInherited":true},{"PrincipalSID":"S-1-5-21-4139803855-2054784437-3951749587-3701","PrincipalType":"Group","RightName":"GenericAll","IsInherited":true},{"PrincipalSID":"S-1-5-21-4139803855-2054784437-3951749587-3731","PrincipalType":"Group","RightName":"GenericAll","IsInherited":true},{"PrincipalSID":"S-1-5-21-4139803855-2054784437-3951749587-3746","PrincipalType":"Group","RightName":"GenericAll","IsInherited":true},{"PrincipalSID":"S-1-5-21-4139803855-2054784437-3951749587-4037","PrincipalType":"Group","RightName":"GenericAll","IsInherited":true},{"PrincipalSID":"PSUMAC.LOCAL-S-1-5-32-544","PrincipalType":"Group","RightName":"WriteDacl","IsInherited":true},{"PrincipalSID":"PSUMAC.LOCAL-S-1-5-32-544","PrincipalType":"Group","RightName":"WriteOwner","IsInherited":true}],"ObjectIdentifier":"159E87DC-F672-4BBF-9E26-CF9A344DAA98","IsDeleted":false,"IsACLProtected":false},{"Properties":{"domain":"PSUMAC.LOCAL","name":"PROGRAM DATA@PSUMAC.LOCAL","distinguishedname":"CN=PROGRAM DATA,DC=PSUMAC,DC=LOCAL","domainsid":"S-1-5-21-4139803855-2054784437-3951749587","highvalue":false},"ChildObjects":[],"Aces":[{"PrincipalSID":"S-1-5-21-4139803855-2054784437-3951749587-512","PrincipalType":"Group","RightName":"Owns","IsInherited":false},{"PrincipalSID":"S-1-5-21-4139803855-2054784437-3951749587-512","PrincipalType":"Group","RightName":"GenericAll","IsInherited":false},{"PrincipalSID":"S-1-5-21-4139803855-2054784437-3951749587-519","PrincipalType":"Group","RightName":"GenericAll","IsInherited":true},{"PrincipalSID":"S-1-5-21-4139803855-2054784437-3951749587-3361","PrincipalType":"User","RightName":"GenericAll","IsInherited":true},{"PrincipalSID":"S-1-5-21-4139803855-2054784437-3951749587-4161","PrincipalType":"Computer","RightName":"GenericAll","IsInherited":true},{"PrincipalSID":"S-1-5-21-4139803855-2054784437-3951749587-3701","PrincipalType":"Group","RightName":"GenericAll","IsInherited":true},{"PrincipalSID":"S-1-5-21-4139803855-2054784437-3951749587-3731","PrincipalType":"Group","RightName":"GenericAll","IsInherited":true},{"PrincipalSID":"S-1-5-21-4139803855-2054784437-3951749587-3746","PrincipalType":"Group","RightName":"GenericAll","IsInherited":true},{"PrincipalSID":"S-1-5-21-4139803855-2054784437-3951749587-4037","PrincipalType":"Group","RightName":"GenericAll","IsInherited":true},{"PrincipalSID":"PSUMAC.LOCAL-S-1-5-32-544","PrincipalType":"Group","RightName":"WriteDacl","IsInherited":true},{"PrincipalSID":"PSUMAC.LOCAL-S-1-5-32-544","PrincipalType":"Group","RightName":"WriteOwner","IsInherited":true}],"ObjectIdentifier":"D6FAA3FC-1F13-417A-B2C7-646398ADBBF6","IsDeleted":false,"IsACLProtected":false},{"Properties":{"domain":"PSUMAC.LOCAL","name":"WINSOCKSERVICES@PSUMAC.LOCAL","distinguishedname":"CN=WINSOCKSERVICES,CN=SYSTEM,DC=PSUMAC,DC=LOCAL","domainsid":"S-1-5-21-4139803855-2054784437-3951749587","highvalue":false},"ChildObjects":[],"Aces":[{"PrincipalSID":"S-1-5-21-4139803855-2054784437-3951749587-512","PrincipalType":"Group","RightName":"Owns","IsInherited":false},{"PrincipalSID":"S-1-5-21-4139803855-2054784437-3951749587-512","PrincipalType":"Group","RightName":"WriteDacl","IsInherited":false},{"PrincipalSID":"S-1-5-21-4139803855-2054784437-3951749587-512","PrincipalType":"Group","RightName":"WriteOwner","IsInherited":false},{"PrincipalSID":"S-1-5-21-4139803855-2054784437-3951749587-519","PrincipalType":"Group","RightName":"GenericAll","IsInherited":true},{"PrincipalSID":"S-1-5-21-4139803855-2054784437-3951749587-3361","PrincipalType":"User","RightName":"GenericAll","IsInherited":true},{"PrincipalSID":"S-1-5-21-4139803855-2054784437-3951749587-4161","PrincipalType":"Computer","RightName":"GenericAll","IsInherited":true},{"PrincipalSID":"S-1-5-21-4139803855-2054784437-3951749587-3701","PrincipalType":"Group","RightName":"GenericAll","IsInherited":true},{"PrincipalSID":"S-1-5-21-4139803855-2054784437-3951749587-3731","PrincipalType":"Group","RightName":"GenericAll","IsInherited":true},{"PrincipalSID":"S-1-5-21-4139803855-2054784437-3951749587-3746","PrincipalType":"Group","RightName":"GenericAll","IsInherited":true},{"PrincipalSID":"S-1-5-21-4139803855-2054784437-3951749587-4037","PrincipalType":"Group","RightName":"GenericAll","IsInherited":true},{"PrincipalSID":"PSUMAC.LOCAL-S-1-5-32-544","PrincipalType":"Group","RightName":"WriteDacl","IsInherited":true},{"PrincipalSID":"PSUMAC.LOCAL-S-1-5-32-544","PrincipalType":"Group","RightName":"WriteOwner","IsInherited":true}],"ObjectIdentifier":"B9D97B22-CE79-414E-BED5-C21D9C63C0DD","IsDeleted":false,"IsACLProtected":false},{"Properties":{"domain":"PSUMAC.LOCAL","name":"MICROSOFT@PSUMAC.LOCAL","distinguishedname":"CN=MICROSOFT,CN=PROGRAM DATA,DC=PSUMAC,DC=LOCAL","domainsid":"S-1-5-21-4139803855-2054784437-3951749587","highvalue":false},"ChildObjects":[],"Aces":[{"PrincipalSID":"S-1-5-21-4139803855-2054784437-3951749587-512","PrincipalType":"Group","RightName":"Owns","IsInherited":false},{"PrincipalSID":"S-1-5-21-4139803855-2054784437-3951749587-512","PrincipalType":"Group","RightName":"GenericAll","IsInherited":false},{"PrincipalSID":"S-1-5-21-4139803855-2054784437-3951749587-519","PrincipalType":"Group","RightName":"GenericAll","IsInherited":true},{"PrincipalSID":"S-1-5-21-4139803855-2054784437-3951749587-3361","PrincipalType":"User","RightName":"GenericAll","IsInherited":true},{"PrincipalSID":"S-1-5-21-4139803855-2054784437-3951749587-4161","PrincipalType":"Computer","RightName":"GenericAll","IsInherited":true},{"PrincipalSID":"S-1-5-21-4139803855-2054784437-3951749587-3701","PrincipalType":"Group","RightName":"GenericAll","IsInherited":true},{"PrincipalSID":"S-1-5-21-4139803855-2054784437-3951749587-3731","PrincipalType":"Group","RightName":"GenericAll","IsInherited":true},{"PrincipalSID":"S-1-5-21-4139803855-2054784437-3951749587-3746","PrincipalType":"Group","RightName":"GenericAll","IsInherited":true},{"PrincipalSID":"S-1-5-21-4139803855-2054784437-3951749587-4037","PrincipalType":"Group","RightName":"GenericAll","IsInherited":true},{"PrincipalSID":"PSUMAC.LOCAL-S-1-5-32-544","PrincipalType":"Group","RightName":"WriteDacl","IsInherited":true},{"PrincipalSID":"PSUMAC.LOCAL-S-1-5-32-544","PrincipalType":"Group","RightName":"WriteOwner","IsInherited":true}],"ObjectIdentifier":"C1F87C8F-DB4D-432C-8440-31E47D36A951","IsDeleted":false,"IsACLProtected":false},{"Properties":{"domain":"PSUMAC.LOCAL","name":"POLICIES@PSUMAC.LOCAL","distinguishedname":"CN=POLICIES,CN=SYSTEM,DC=PSUMAC,DC=LOCAL","domainsid":"S-1-5-21-4139803855-2054784437-3951749587","highvalue":false},"ChildObjects":[],"Aces":[{"PrincipalSID":"S-1-5-21-4139803855-2054784437-3951749587-512","PrincipalType":"Group","RightName":"Owns","IsInherited":false},{"PrincipalSID":"S-1-5-21-4139803855-2054784437-3951749587-512","PrincipalType":"Group","RightName":"WriteDacl","IsInherited":false},{"PrincipalSID":"S-1-5-21-4139803855-2054784437-3951749587-512","PrincipalType":"Group","RightName":"WriteOwner","IsInherited":false},{"PrincipalSID":"S-1-5-21-4139803855-2054784437-3951749587-519","PrincipalType":"Group","RightName":"GenericAll","IsInherited":true},{"PrincipalSID":"S-1-5-21-4139803855-2054784437-3951749587-3361","PrincipalType":"User","RightName":"GenericAll","IsInherited":true},{"PrincipalSID":"S-1-5-21-4139803855-2054784437-3951749587-4161","PrincipalType":"Computer","RightName":"GenericAll","IsInherited":true},{"PrincipalSID":"S-1-5-21-4139803855-2054784437-3951749587-3701","PrincipalType":"Group","RightName":"GenericAll","IsInherited":true},{"PrincipalSID":"S-1-5-21-4139803855-2054784437-3951749587-3731","PrincipalType":"Group","RightName":"GenericAll","IsInherited":true},{"PrincipalSID":"S-1-5-21-4139803855-2054784437-3951749587-3746","PrincipalType":"Group","RightName":"GenericAll","IsInherited":true},{"PrincipalSID":"S-1-5-21-4139803855-2054784437-3951749587-4037","PrincipalType":"Group","RightName":"GenericAll","IsInherited":true},{"PrincipalSID":"PSUMAC.LOCAL-S-1-5-32-544","PrincipalType":"Group","RightName":"WriteDacl","IsInherited":true},{"PrincipalSID":"PSUMAC.LOCAL-S-1-5-32-544","PrincipalType":"Group","RightName":"WriteOwner","IsInherited":true}],"ObjectIdentifier":"EE5885C9-EB03-434F-8703-5D10DFEA7DFD","IsDeleted":false,"IsACLProtected":false},{"Properties":{"domain":"PSUMAC.LOCAL","name":"MEETINGS@PSUMAC.LOCAL","distinguishedname":"CN=MEETINGS,CN=SYSTEM,DC=PSUMAC,DC=LOCAL","domainsid":"S-1-5-21-4139803855-2054784437-3951749587","highvalue":false},"ChildObjects":[],"Aces":[{"PrincipalSID":"S-1-5-21-4139803855-2054784437-3951749587-512","PrincipalType":"Group","RightName":"Owns","IsInherited":false},{"PrincipalSID":"S-1-5-21-4139803855-2054784437-3951749587-512","PrincipalType":"Group","RightName":"WriteDacl","IsInherited":false},{"PrincipalSID":"S-1-5-21-4139803855-2054784437-3951749587-512","PrincipalType":"Group","RightName":"WriteOwner","IsInherited":false},{"PrincipalSID":"S-1-5-21-4139803855-2054784437-3951749587-519","PrincipalType":"Group","RightName":"GenericAll","IsInherited":true},{"PrincipalSID":"S-1-5-21-4139803855-2054784437-3951749587-3361","PrincipalType":"User","RightName":"GenericAll","IsInherited":true},{"PrincipalSID":"S-1-5-21-4139803855-2054784437-3951749587-4161","PrincipalType":"Computer","RightName":"GenericAll","IsInherited":true},{"PrincipalSID":"S-1-5-21-4139803855-2054784437-3951749587-3701","PrincipalType":"Group","RightName":"GenericAll","IsInherited":true},{"PrincipalSID":"S-1-5-21-4139803855-2054784437-3951749587-3731","PrincipalType":"Group","RightName":"GenericAll","IsInherited":true},{"PrincipalSID":"S-1-5-21-4139803855-2054784437-3951749587-3746","PrincipalType":"Group","RightName":"GenericAll","IsInherited":true},{"PrincipalSID":"S-1-5-21-4139803855-2054784437-3951749587-4037","PrincipalType":"Group","RightName":"GenericAll","IsInherited":true},{"PrincipalSID":"PSUMAC.LOCAL-S-1-5-32-544","PrincipalType":"Group","RightName":"WriteDacl","IsInherited":true},{"PrincipalSID":"PSUMAC.LOCAL-S-1-5-32-544","PrincipalType":"Group","RightName":"WriteOwner","IsInherited":true}],"ObjectIdentifier":"34A638D6-1B68-4DE7-ABE2-8CE0F1AF2177","IsDeleted":false,"IsACLProtected":false},{"Properties":{"domain":"PSUMAC.LOCAL","name":"COMPARTITIONS@PSUMAC.LOCAL","distinguishedname":"CN=COMPARTITIONS,CN=SYSTEM,DC=PSUMAC,DC=LOCAL","domainsid":"S-1-5-21-4139803855-2054784437-3951749587","highvalue":false},"ChildObjects":[],"Aces":[{"PrincipalSID":"S-1-5-21-4139803855-2054784437-3951749587-512","PrincipalType":"Group","RightName":"Owns","IsInherited":false},{"PrincipalSID":"S-1-5-21-4139803855-2054784437-3951749587-512","PrincipalType":"Group","RightName":"WriteDacl","IsInherited":false},{"PrincipalSID":"S-1-5-21-4139803855-2054784437-3951749587-512","PrincipalType":"Group","RightName":"WriteOwner","IsInherited":false},{"PrincipalSID":"S-1-5-21-4139803855-2054784437-3951749587-519","PrincipalType":"Group","RightName":"GenericAll","IsInherited":true},{"PrincipalSID":"S-1-5-21-4139803855-2054784437-3951749587-3361","PrincipalType":"User","RightName":"GenericAll","IsInherited":true},{"PrincipalSID":"S-1-5-21-4139803855-2054784437-3951749587-4161","PrincipalType":"Computer","RightName":"GenericAll","IsInherited":true},{"PrincipalSID":"S-1-5-21-4139803855-2054784437-3951749587-3701","PrincipalType":"Group","RightName":"GenericAll","IsInherited":true},{"PrincipalSID":"S-1-5-21-4139803855-2054784437-3951749587-3731","PrincipalType":"Group","RightName":"GenericAll","IsInherited":true},{"PrincipalSID":"S-1-5-21-4139803855-2054784437-3951749587-3746","PrincipalType":"Group","RightName":"GenericAll","IsInherited":true},{"PrincipalSID":"S-1-5-21-4139803855-2054784437-3951749587-4037","PrincipalType":"Group","RightName":"GenericAll","IsInherited":true},{"PrincipalSID":"PSUMAC.LOCAL-S-1-5-32-544","PrincipalType":"Group","RightName":"WriteDacl","IsInherited":true},{"PrincipalSID":"PSUMAC.LOCAL-S-1-5-32-544","PrincipalType":"Group","RightName":"WriteOwner","IsInherited":true}],"ObjectIdentifier":"F7EBF51B-94A0-40EB-86F1-873A3327B08F","IsDeleted":false,"IsACLProtected":false},{"Properties":{"domain":"PSUMAC.LOCAL","name":"USERS@PSUMAC.LOCAL","distinguishedname":"CN=USERS,DC=PSUMAC,DC=LOCAL","domainsid":"S-1-5-21-4139803855-2054784437-3951749587","highvalue":false},"ChildObjects":[{"ObjectIdentifier":"S-1-5-21-4139803855-2054784437-3951749587-571","ObjectType":"Group"},{"ObjectIdentifier":"S-1-5-21-4139803855-2054784437-3951749587-517","ObjectType":"Group"},{"ObjectIdentifier":"S-1-5-21-4139803855-2054784437-3951749587-522","ObjectType":"Group"},{"ObjectIdentifier":"S-1-5-21-4139803855-2054784437-3951749587-572","ObjectType":"Group"},{"ObjectIdentifier":"S-1-5-21-4139803855-2054784437-3951749587-1101","ObjectType":"Group"},{"ObjectIdentifier":"S-1-5-21-4139803855-2054784437-3951749587-1102","ObjectType":"Group"},{"ObjectIdentifier":"S-1-5-21-4139803855-2054784437-3951749587-512","ObjectType":"Group"},{"ObjectIdentifier":"S-1-5-21-4139803855-2054784437-3951749587-515","ObjectType":"Group"},{"ObjectIdentifier":"S-1-5-21-4139803855-2054784437-3951749587-516","ObjectType":"Group"},{"ObjectIdentifier":"S-1-5-21-4139803855-2054784437-3951749587-514","ObjectType":"Group"},{"ObjectIdentifier":"S-1-5-21-4139803855-2054784437-3951749587-513","ObjectType":"Group"},{"ObjectIdentifier":"S-1-5-21-4139803855-2054784437-3951749587-519","ObjectType":"Group"},{"ObjectIdentifier":"S-1-5-21-4139803855-2054784437-3951749587-527","ObjectType":"Group"},{"ObjectIdentifier":"S-1-5-21-4139803855-2054784437-3951749587-498","ObjectType":"Group"},{"ObjectIdentifier":"S-1-5-21-4139803855-2054784437-3951749587-520","ObjectType":"Group"},{"ObjectIdentifier":"S-1-5-21-4139803855-2054784437-3951749587-501","ObjectType":"User"},{"ObjectIdentifier":"S-1-5-21-4139803855-2054784437-3951749587-1106","ObjectType":"User"},{"ObjectIdentifier":"S-1-5-21-4139803855-2054784437-3951749587-1107","ObjectType":"Group"},{"ObjectIdentifier":"S-1-5-21-4139803855-2054784437-3951749587-526","ObjectType":"Group"},{"ObjectIdentifier":"S-1-5-21-4139803855-2054784437-3951749587-502","ObjectType":"User"},{"ObjectIdentifier":"S-1-5-21-4139803855-2054784437-3951749587-525","ObjectType":"Group"},{"ObjectIdentifier":"S-1-5-21-4139803855-2054784437-3951749587-500","ObjectType":"User"},{"ObjectIdentifier":"S-1-5-21-4139803855-2054784437-3951749587-553","ObjectType":"Group"},{"ObjectIdentifier":"S-1-5-21-4139803855-2054784437-3951749587-521","ObjectType":"Group"},{"ObjectIdentifier":"S-1-5-21-4139803855-2054784437-3951749587-518","ObjectType":"Group"}],"Aces":[{"PrincipalSID":"S-1-5-21-4139803855-2054784437-3951749587-512","PrincipalType":"Group","RightName":"Owns","IsInherited":false},{"PrincipalSID":"S-1-5-21-4139803855-2054784437-3951749587-512","PrincipalType":"Group","RightName":"WriteDacl","IsInherited":false},{"PrincipalSID":"S-1-5-21-4139803855-2054784437-3951749587-512","PrincipalType":"Group","RightName":"WriteOwner","IsInherited":false},{"PrincipalSID":"S-1-5-21-4139803855-2054784437-3951749587-1107","PrincipalType":"Group","RightName":"GenericAll","IsInherited":false},{"PrincipalSID":"S-1-5-21-4139803855-2054784437-3951749587-519","PrincipalType":"Group","RightName":"GenericAll","IsInherited":true},{"PrincipalSID":"S-1-5-21-4139803855-2054784437-3951749587-3361","PrincipalType":"User","RightName":"GenericAll","IsInherited":true},{"PrincipalSID":"S-1-5-21-4139803855-2054784437-3951749587-4161","PrincipalType":"Computer","RightName":"GenericAll","IsInherited":true},{"PrincipalSID":"S-1-5-21-4139803855-2054784437-3951749587-3701","PrincipalType":"Group","RightName":"GenericAll","IsInherited":true},{"PrincipalSID":"S-1-5-21-4139803855-2054784437-3951749587-3731","PrincipalType":"Group","RightName":"GenericAll","IsInherited":true},{"PrincipalSID":"S-1-5-21-4139803855-2054784437-3951749587-3746","PrincipalType":"Group","RightName":"GenericAll","IsInherited":true},{"PrincipalSID":"S-1-5-21-4139803855-2054784437-3951749587-4037","PrincipalType":"Group","RightName":"GenericAll","IsInherited":true},{"PrincipalSID":"PSUMAC.LOCAL-S-1-5-32-544","PrincipalType":"Group","RightName":"WriteDacl","IsInherited":true},{"PrincipalSID":"PSUMAC.LOCAL-S-1-5-32-544","PrincipalType":"Group","RightName":"WriteOwner","IsInherited":true}],"ObjectIdentifier":"A0350209-E71F-4FBE-9DB6-AD4C3DBFD5D7","IsDeleted":false,"IsACLProtected":false},{"Properties":{"domain":"PSUMAC.LOCAL","name":"RPCSERVICES@PSUMAC.LOCAL","distinguishedname":"CN=RPCSERVICES,CN=SYSTEM,DC=PSUMAC,DC=LOCAL","domainsid":"S-1-5-21-4139803855-2054784437-3951749587","highvalue":false},"ChildObjects":[],"Aces":[{"PrincipalSID":"S-1-5-21-4139803855-2054784437-3951749587-512","PrincipalType":"Group","RightName":"Owns","IsInherited":false},{"PrincipalSID":"S-1-5-21-4139803855-2054784437-3951749587-512","PrincipalType":"Group","RightName":"WriteDacl","IsInherited":false},{"PrincipalSID":"S-1-5-21-4139803855-2054784437-3951749587-512","PrincipalType":"Group","RightName":"WriteOwner","IsInherited":false},{"PrincipalSID":"S-1-5-21-4139803855-2054784437-3951749587-519","PrincipalType":"Group","RightName":"GenericAll","IsInherited":true},{"PrincipalSID":"S-1-5-21-4139803855-2054784437-3951749587-3361","PrincipalType":"User","RightName":"GenericAll","IsInherited":true},{"PrincipalSID":"S-1-5-21-4139803855-2054784437-3951749587-4161","PrincipalType":"Computer","RightName":"GenericAll","IsInherited":true},{"PrincipalSID":"S-1-5-21-4139803855-2054784437-3951749587-3701","PrincipalType":"Group","RightName":"GenericAll","IsInherited":true},{"PrincipalSID":"S-1-5-21-4139803855-2054784437-3951749587-3731","PrincipalType":"Group","RightName":"GenericAll","IsInherited":true},{"PrincipalSID":"S-1-5-21-4139803855-2054784437-3951749587-3746","PrincipalType":"Group","RightName":"GenericAll","IsInherited":true},{"PrincipalSID":"S-1-5-21-4139803855-2054784437-3951749587-4037","PrincipalType":"Group","RightName":"GenericAll","IsInherited":true},{"PrincipalSID":"PSUMAC.LOCAL-S-1-5-32-544","PrincipalType":"Group","RightName":"WriteDacl","IsInherited":true},{"PrincipalSID":"PSUMAC.LOCAL-S-1-5-32-544","PrincipalType":"Group","RightName":"WriteOwner","IsInherited":true}],"ObjectIdentifier":"B4F91B6E-649A-45BE-948F-E1454DF630D8","IsDeleted":false,"IsACLProtected":false},{"Properties":{"domain":"PSUMAC.LOCAL","name":"FOREIGNSECURITYPRINCIPALS@PSUMAC.LOCAL","distinguishedname":"CN=FOREIGNSECURITYPRINCIPALS,DC=PSUMAC,DC=LOCAL","domainsid":"S-1-5-21-4139803855-2054784437-3951749587","highvalue":false},"ChildObjects":[],"Aces":[{"PrincipalSID":"S-1-5-21-4139803855-2054784437-3951749587-512","PrincipalType":"Group","RightName":"Owns","IsInherited":false},{"PrincipalSID":"S-1-5-21-4139803855-2054784437-3951749587-512","PrincipalType":"Group","RightName":"GenericAll","IsInherited":false},{"PrincipalSID":"S-1-5-21-4139803855-2054784437-3951749587-519","PrincipalType":"Group","RightName":"GenericAll","IsInherited":true},{"PrincipalSID":"S-1-5-21-4139803855-2054784437-3951749587-3361","PrincipalType":"User","RightName":"GenericAll","IsInherited":true},{"PrincipalSID":"S-1-5-21-4139803855-2054784437-3951749587-4161","PrincipalType":"Computer","RightName":"GenericAll","IsInherited":true},{"PrincipalSID":"S-1-5-21-4139803855-2054784437-3951749587-3701","PrincipalType":"Group","RightName":"GenericAll","IsInherited":true},{"PrincipalSID":"S-1-5-21-4139803855-2054784437-3951749587-3731","PrincipalType":"Group","RightName":"GenericAll","IsInherited":true},{"PrincipalSID":"S-1-5-21-4139803855-2054784437-3951749587-3746","PrincipalType":"Group","RightName":"GenericAll","IsInherited":true},{"PrincipalSID":"S-1-5-21-4139803855-2054784437-3951749587-4037","PrincipalType":"Group","RightName":"GenericAll","IsInherited":true},{"PrincipalSID":"PSUMAC.LOCAL-S-1-5-32-544","PrincipalType":"Group","RightName":"WriteDacl","IsInherited":true},{"PrincipalSID":"PSUMAC.LOCAL-S-1-5-32-544","PrincipalType":"Group","RightName":"WriteOwner","IsInherited":true}],"ObjectIdentifier":"435286A1-3857-496A-921C-C543975F1E84","IsDeleted":false,"IsACLProtected":false},{"Properties":{"domain":"PSUMAC.LOCAL","name":"SYSTEM@PSUMAC.LOCAL","distinguishedname":"CN=SYSTEM,DC=PSUMAC,DC=LOCAL","domainsid":"S-1-5-21-4139803855-2054784437-3951749587","highvalue":false},"ChildObjects":[],"Aces":[{"PrincipalSID":"S-1-5-21-4139803855-2054784437-3951749587-512","PrincipalType":"Group","RightName":"Owns","IsInherited":false},{"PrincipalSID":"S-1-5-21-4139803855-2054784437-3951749587-512","PrincipalType":"Group","RightName":"WriteDacl","IsInherited":false},{"PrincipalSID":"S-1-5-21-4139803855-2054784437-3951749587-512","PrincipalType":"Group","RightName":"WriteOwner","IsInherited":false},{"PrincipalSID":"S-1-5-21-4139803855-2054784437-3951749587-519","PrincipalType":"Group","RightName":"GenericAll","IsInherited":true},{"PrincipalSID":"S-1-5-21-4139803855-2054784437-3951749587-3361","PrincipalType":"User","RightName":"GenericAll","IsInherited":true},{"PrincipalSID":"S-1-5-21-4139803855-2054784437-3951749587-4161","PrincipalType":"Computer","RightName":"GenericAll","IsInherited":true},{"PrincipalSID":"S-1-5-21-4139803855-2054784437-3951749587-3701","PrincipalType":"Group","RightName":"GenericAll","IsInherited":true},{"PrincipalSID":"S-1-5-21-4139803855-2054784437-3951749587-3731","PrincipalType":"Group","RightName":"GenericAll","IsInherited":true},{"PrincipalSID":"S-1-5-21-4139803855-2054784437-3951749587-3746","PrincipalType":"Group","RightName":"GenericAll","IsInherited":true},{"PrincipalSID":"S-1-5-21-4139803855-2054784437-3951749587-4037","PrincipalType":"Group","RightName":"GenericAll","IsInherited":true},{"PrincipalSID":"PSUMAC.LOCAL-S-1-5-32-544","PrincipalType":"Group","RightName":"WriteDacl","IsInherited":true},{"PrincipalSID":"PSUMAC.LOCAL-S-1-5-32-544","PrincipalType":"Group","RightName":"WriteOwner","IsInherited":true}],"ObjectIdentifier":"4DFD87B8-7411-49B4-9D0C-FCF4EE3C5F49","IsDeleted":false,"IsACLProtected":false},{"Properties":{"domain":"PSUMAC.LOCAL","name":"IP SECURITY@PSUMAC.LOCAL","distinguishedname":"CN=IP SECURITY,CN=SYSTEM,DC=PSUMAC,DC=LOCAL","domainsid":"S-1-5-21-4139803855-2054784437-3951749587","highvalue":false},"ChildObjects":[],"Aces":[{"PrincipalSID":"S-1-5-21-4139803855-2054784437-3951749587-512","PrincipalType":"Group","RightName":"Owns","IsInherited":false},{"PrincipalSID":"S-1-5-21-4139803855-2054784437-3951749587-512","PrincipalType":"Group","RightName":"WriteDacl","IsInherited":false},{"PrincipalSID":"S-1-5-21-4139803855-2054784437-3951749587-512","PrincipalType":"Group","RightName":"WriteOwner","IsInherited":false},{"PrincipalSID":"S-1-5-21-4139803855-2054784437-3951749587-519","PrincipalType":"Group","RightName":"GenericAll","IsInherited":true},{"PrincipalSID":"S-1-5-21-4139803855-2054784437-3951749587-3361","PrincipalType":"User","RightName":"GenericAll","IsInherited":true},{"PrincipalSID":"S-1-5-21-4139803855-2054784437-3951749587-4161","PrincipalType":"Computer","RightName":"GenericAll","IsInherited":true},{"PrincipalSID":"S-1-5-21-4139803855-2054784437-3951749587-3701","PrincipalType":"Group","RightName":"GenericAll","IsInherited":true},{"PrincipalSID":"S-1-5-21-4139803855-2054784437-3951749587-3731","PrincipalType":"Group","RightName":"GenericAll","IsInherited":true},{"PrincipalSID":"S-1-5-21-4139803855-2054784437-3951749587-3746","PrincipalType":"Group","RightName":"GenericAll","IsInherited":true},{"PrincipalSID":"S-1-5-21-4139803855-2054784437-3951749587-4037","PrincipalType":"Group","RightName":"GenericAll","IsInherited":true},{"PrincipalSID":"PSUMAC.LOCAL-S-1-5-32-544","PrincipalType":"Group","RightName":"WriteDacl","IsInherited":true},{"PrincipalSID":"PSUMAC.LOCAL-S-1-5-32-544","PrincipalType":"Group","RightName":"WriteOwner","IsInherited":true}],"ObjectIdentifier":"8CC222D9-B15E-4742-A8B4-2DFBE2803220","IsDeleted":false,"IsACLProtected":false},{"Properties":{"domain":"PSUMAC.LOCAL","name":"MANAGED SERVICE ACCOUNTS@PSUMAC.LOCAL","distinguishedname":"CN=MANAGED SERVICE ACCOUNTS,DC=PSUMAC,DC=LOCAL","domainsid":"S-1-5-21-4139803855-2054784437-3951749587","highvalue":false},"ChildObjects":[],"Aces":[{"PrincipalSID":"S-1-5-21-4139803855-2054784437-3951749587-512","PrincipalType":"Group","RightName":"Owns","IsInherited":false},{"PrincipalSID":"S-1-5-21-4139803855-2054784437-3951749587-512","PrincipalType":"Group","RightName":"WriteDacl","IsInherited":false},{"PrincipalSID":"S-1-5-21-4139803855-2054784437-3951749587-512","PrincipalType":"Group","RightName":"WriteOwner","IsInherited":false},{"PrincipalSID":"S-1-5-21-4139803855-2054784437-3951749587-519","PrincipalType":"Group","RightName":"GenericAll","IsInherited":true},{"PrincipalSID":"S-1-5-21-4139803855-2054784437-3951749587-3361","PrincipalType":"User","RightName":"GenericAll","IsInherited":true},{"PrincipalSID":"S-1-5-21-4139803855-2054784437-3951749587-4161","PrincipalType":"Computer","RightName":"GenericAll","IsInherited":true},{"PrincipalSID":"S-1-5-21-4139803855-2054784437-3951749587-3701","PrincipalType":"Group","RightName":"GenericAll","IsInherited":true},{"PrincipalSID":"S-1-5-21-4139803855-2054784437-3951749587-3731","PrincipalType":"Group","RightName":"GenericAll","IsInherited":true},{"PrincipalSID":"S-1-5-21-4139803855-2054784437-3951749587-3746","PrincipalType":"Group","RightName":"GenericAll","IsInherited":true},{"PrincipalSID":"S-1-5-21-4139803855-2054784437-3951749587-4037","PrincipalType":"Group","RightName":"GenericAll","IsInherited":true},{"PrincipalSID":"PSUMAC.LOCAL-S-1-5-32-544","PrincipalType":"Group","RightName":"WriteDacl","IsInherited":true},{"PrincipalSID":"PSUMAC.LOCAL-S-1-5-32-544","PrincipalType":"Group","RightName":"WriteOwner","IsInherited":true}],"ObjectIdentifier":"33819772-AC3E-4D09-BD4E-0D163BE92C2B","IsDeleted":false,"IsACLProtected":false},{"Properties":{"domain":"PSUMAC.LOCAL","name":"PSPS@PSUMAC.LOCAL","distinguishedname":"CN=PSPS,CN=SYSTEM,DC=PSUMAC,DC=LOCAL","domainsid":"S-1-5-21-4139803855-2054784437-3951749587","highvalue":false},"ChildObjects":[],"Aces":[{"PrincipalSID":"S-1-5-21-4139803855-2054784437-3951749587-512","PrincipalType":"Group","RightName":"Owns","IsInherited":false},{"PrincipalSID":"S-1-5-21-4139803855-2054784437-3951749587-512","PrincipalType":"Group","RightName":"GenericAll","IsInherited":false},{"PrincipalSID":"S-1-5-21-4139803855-2054784437-3951749587-519","PrincipalType":"Group","RightName":"GenericAll","IsInherited":true},{"PrincipalSID":"S-1-5-21-4139803855-2054784437-3951749587-3361","PrincipalType":"User","RightName":"GenericAll","IsInherited":true},{"PrincipalSID":"S-1-5-21-4139803855-2054784437-3951749587-4161","PrincipalType":"Computer","RightName":"GenericAll","IsInherited":true},{"PrincipalSID":"S-1-5-21-4139803855-2054784437-3951749587-3701","PrincipalType":"Group","RightName":"GenericAll","IsInherited":true},{"PrincipalSID":"S-1-5-21-4139803855-2054784437-3951749587-3731","PrincipalType":"Group","RightName":"GenericAll","IsInherited":true},{"PrincipalSID":"S-1-5-21-4139803855-2054784437-3951749587-3746","PrincipalType":"Group","RightName":"GenericAll","IsInherited":true},{"PrincipalSID":"S-1-5-21-4139803855-2054784437-3951749587-4037","PrincipalType":"Group","RightName":"GenericAll","IsInherited":true},{"PrincipalSID":"PSUMAC.LOCAL-S-1-5-32-544","PrincipalType":"Group","RightName":"WriteDacl","IsInherited":true},{"PrincipalSID":"PSUMAC.LOCAL-S-1-5-32-544","PrincipalType":"Group","RightName":"WriteOwner","IsInherited":true}],"ObjectIdentifier":"30F987B5-CECC-4C2F-BBC9-36134B1A39AC","IsDeleted":false,"IsACLProtected":false}],"meta":{"methods":29695,"type":"containers","count":24,"version":5}}