﻿{"data":[{"GPOChanges":{"LocalAdmins":[],"RemoteDesktopUsers":[],"DcomUsers":[],"PSRemoteUsers":[],"AffectedComputers":[]},"Properties":{"domain":"PSUMAC.LOCAL","name":"PSUMAC.LOCAL","distinguishedname":"DC=PSUMAC,DC=LOCAL","domainsid":"S-1-5-21-4139803855-2054784437-3951749587","highvalue":true,"description":null,"whencreated":1686235528,"functionallevel":"2016"},"ChildObjects":[{"ObjectIdentifier":"C22CB73E-A604-4D9F-A1DA-A911EBCD4B58","ObjectType":"OU"},{"ObjectIdentifier":"997AADA7-482A-4F0A-BFB7-12BF3115BAE1","ObjectType":"OU"},{"ObjectIdentifier":"AF07C27C-1374-41FF-9C84-0CBDC75A57AC","ObjectType":"Container"},{"ObjectIdentifier":"2171969C-7431-44C9-A1DE-1CE7BAA15B05","ObjectType":"OU"},{"ObjectIdentifier":"435286A1-3857-496A-921C-C543975F1E84","ObjectType":"Container"},{"ObjectIdentifier":"19E07A4E-E977-4215-9B9A-F50C7EA1C3A3","ObjectType":"OU"},{"ObjectIdentifier":"80FDBA28-221F-4B3F-9E5C-7BA44EC2D101","ObjectType":"OU"},{"ObjectIdentifier":"BD2EA9CC-AD02-4672-9AC4-24B0B258419B","ObjectType":"Container"},{"ObjectIdentifier":"33819772-AC3E-4D09-BD4E-0D163BE92C2B","ObjectType":"Container"},{"ObjectIdentifier":"A901AAB4-9D54-4375-8FBB-5D7660E6E429","ObjectType":"OU"},{"ObjectIdentifier":"D36A3771-DAE4-4987-A40A-F2481CA2F6A2","ObjectType":"OU"},{"ObjectIdentifier":"A3761AB3-6009-44D5-A6E3-9FB79737620B","ObjectType":"OU"},{"ObjectIdentifier":"318288A0-BB9E-4AA0-875C-200BD3E7F543","ObjectType":"OU"},{"ObjectIdentifier":"A5A1B235-6617-4D0A-8548-FC7B62DCB554","ObjectType":"OU"},{"ObjectIdentifier":"E17CCA4F-E061-4285-B3C1-35302C6436FC","ObjectType":"OU"},{"ObjectIdentifier":"D0499095-F37B-45C6-A690-5662C80E448D","ObjectType":"OU"},{"ObjectIdentifier":"B5F3B34D-EF86-42A9-99D8-D491EE7D2E55","ObjectType":"OU"},{"ObjectIdentifier":"A0350209-E71F-4FBE-9DB6-AD4C3DBFD5D7","ObjectType":"Container"}],"Trusts":[{"TargetDomainSid":"S-1-5-21-2675876253-850646396-1745764286","TargetDomainName":"GRAVITY.PSUMAC.LOCAL","IsTransitive":true,"SidFilteringEnabled":false,"TrustDirection":3,"TrustType":0}],"Links":[{"IsEnforced":false,"GUID":"1A34BD23-B5AC-4B2B-9C12-78212FFE2159"},{"IsEnforced":false,"GUID":"1B540E2A-F8A2-4140-975C-11D5DD66E550"}],"Aces":[{"PrincipalSID":"PSUMAC.LOCAL-S-1-5-32-544","PrincipalType":"Group","RightName":"Owns","IsInherited":false},{"PrincipalSID":"PSUMAC.LOCAL-S-1-5-32-544","PrincipalType":"Group","RightName":"WriteDacl","IsInherited":false},{"PrincipalSID":"PSUMAC.LOCAL-S-1-5-32-544","PrincipalType":"Group","RightName":"WriteOwner","IsInherited":false},{"PrincipalSID":"PSUMAC.LOCAL-S-1-5-32-544","PrincipalType":"Group","RightName":"AllExtendedRights","IsInherited":false},{"PrincipalSID":"S-1-5-21-4139803855-2054784437-3951749587-512","PrincipalType":"Group","RightName":"WriteDacl","IsInherited":false},{"PrincipalSID":"S-1-5-21-4139803855-2054784437-3951749587-512","PrincipalType":"Group","RightName":"WriteOwner","IsInherited":false},{"PrincipalSID":"S-1-5-21-4139803855-2054784437-3951749587-512","PrincipalType":"Group","RightName":"AllExtendedRights","IsInherited":false},{"PrincipalSID":"S-1-5-21-4139803855-2054784437-3951749587-519","PrincipalType":"Group","RightName":"GenericAll","IsInherited":false},{"PrincipalSID":"PSUMAC.LOCAL-S-1-5-9","PrincipalType":"Group","RightName":"GetChangesInFilteredSet","IsInherited":false},{"PrincipalSID":"PSUMAC.LOCAL-S-1-5-9","PrincipalType":"Group","RightName":"GetChanges","IsInherited":false},{"PrincipalSID":"PSUMAC.LOCAL-S-1-5-32-544","PrincipalType":"Group","RightName":"GetChangesAll","IsInherited":false},{"PrincipalSID":"PSUMAC.LOCAL-S-1-5-32-544","PrincipalType":"Group","RightName":"GetChangesInFilteredSet","IsInherited":false},{"PrincipalSID":"PSUMAC.LOCAL-S-1-5-32-544","PrincipalType":"Group","RightName":"GetChanges","IsInherited":false},{"PrincipalSID":"S-1-5-21-4139803855-2054784437-3951749587-498","PrincipalType":"Group","RightName":"GetChanges","IsInherited":false},{"PrincipalSID":"S-1-5-21-4139803855-2054784437-3951749587-516","PrincipalType":"Group","RightName":"GetChangesAll","IsInherited":false}],"ObjectIdentifier":"S-1-5-21-4139803855-2054784437-3951749587","IsDeleted":false,"IsACLProtected":false}],"meta":{"methods":29695,"type":"domains","count":1,"version":5}}